use shop_online;
-- App Role
INSERT INTO app_role (role_name) VALUES ('ROLE_ADMIN'); 
INSERT INTO app_role (role_name) VALUES ('ROLE_USER');

-- App User
INSERT INTO app_user (`password`, user_name, creation_date) 
VALUES ('$2a$10$NaPco7fYsB2Y/0xbQaOruum.w9V1nzHKqNYQ98/GQr7jCkKdZEg6q', 'manager', '2022-09-04');
INSERT INTO app_user (`password`, user_name, creation_date) 
VALUES ('$2a$10$NaPco7fYsB2Y/0xbQaOruum.w9V1nzHKqNYQ98/GQr7jCkKdZEg6q', 'admin', '2022-09-04');
INSERT INTO app_user (`password`, user_name, creation_date) 
VALUES ('$2a$10$NaPco7fYsB2Y/0xbQaOruum.w9V1nzHKqNYQ98/GQr7jCkKdZEg6q', 'levantai', '2022-09-04');
INSERT INTO app_user (`password`, user_name, creation_date) 
VALUES ('$2a$10$NaPco7fYsB2Y/0xbQaOruum.w9V1nzHKqNYQ98/GQr7jCkKdZEg6q', 'lethiphuong', '2022-09-04');
INSERT INTO app_user (`password`, user_name, creation_date) 
VALUES ('$2a$10$NaPco7fYsB2Y/0xbQaOruum.w9V1nzHKqNYQ98/GQr7jCkKdZEg6q', 'lethibinh', '2022-09-04');

-- manager account
INSERT INTO user_role (role_id, user_id) VALUES ('1', '1'); 
INSERT INTO user_role (role_id, user_id) VALUES ('2', '1');
-- admin account
INSERT INTO user_role (role_id, user_id) VALUES ('1', '2');
INSERT INTO user_role (role_id, user_id) VALUES ('2', '2'); 

-- user account
INSERT INTO user_role (role_id, user_id) VALUES ('2', '3');
INSERT INTO user_role (role_id, user_id) VALUES ('2', '4'); 
INSERT INTO user_role (role_id, user_id) VALUES ('2', '5');

-- category
INSERT INTO `category` (`id`, `name`) VALUES ('1', 'Điện Thoại');
INSERT INTO `category` (`id`, `name`) VALUES ('2', 'Laptop');
INSERT INTO `category` (`id`, `name`) VALUES ('3', 'Máy Ảnh');
INSERT INTO `category` (`id`, `name`) VALUES ('4', 'Phụ Kiện');
INSERT INTO `category` (`id`, `name`) VALUES ('5', 'Tivi');

-- product
INSERT INTO `product` (`id`, `name`, `image`,`manufacturer`,`date_in`,`guarantee_time`,`discount`,`specification`, `description`, `price`,`quantity`, `is_deleted`, `category_id`) 
VALUES ('1', 'Iphone 13 Pro Max', 'https://firebasestorage.googleapis.com/v0/b/print-2-shop-online.appspot.com/o/product-7.jpg?alt=media&token=abf1329c-482e-4907-bd67-b090b0a338d1','Đông Lào','2022-09-09','24 tháng','10', '6.1 inch, OLED, Super Retina XDR, 2532 x 1170 Pixels','Ưu việt , đa dạng về chất lượng, giá thành hợp lí ', 22000000,100, 0, 1);
INSERT INTO `product` (`id`, `name`, `image`,`manufacturer`,`date_in`,`guarantee_time`,`discount`,`specification`, `description`, `price`,`quantity`, `is_deleted`, `category_id`) 
VALUES ('2', 'SamSung 001', 'https://firebasestorage.googleapis.com/v0/b/print-2-shop-online.appspot.com/o/product-8.jpg?alt=media&token=30ad49b3-8ecb-42af-b604-366169e83f35','Đông Lào', '2022-09-09','24 tháng','10', '6.1 inch, OLED, Super Retina XDR, 2532 x 1170 Pixels','Ưu việt , đa dạng về chất lượng, giá thành hợp lí ', 11000000,100,0, 1);
INSERT INTO `product` (`id`, `name`, `image`, `manufacturer`,`date_in`,`guarantee_time`,`discount`,`specification`,`description`, `price`,`quantity`, `is_deleted`, `category_id`) 
VALUES ('3', 'SamSung 002', 'https://firebasestorage.googleapis.com/v0/b/print-2-shop-online.appspot.com/o/product-9.jpg?alt=media&token=0bd81d68-326b-4c70-afce-e064272f89c6','Đông Lào', '2022-09-09','24 tháng','10', '6.1 inch, OLED, Super Retina XDR, 2532 x 1170 Pixels', 'Ưu việt , đa dạng về chất lượng, giá thành hợp lí ',12000000,100,0, 1);
INSERT INTO `product` (`id`, `name`, `image`,`manufacturer`,`date_in`,`guarantee_time`,`discount`,`specification`, `description`, `price`,`quantity`, `is_deleted`, `category_id`) 
VALUES ('4', 'Appo 20', 'https://firebasestorage.googleapis.com/v0/b/print-2-shop-online.appspot.com/o/product-10.jpg?alt=media&token=c62ce430-dfc0-4b5d-b1a7-b19b777fc5f7', 'Đông Lào','2022-09-09','24 tháng','10', '6.1 inch, OLED, Super Retina XDR, 2532 x 1170 Pixels','Ưu việt , đa dạng về chất lượng, giá thành hợp lí ', 8000000,100,0, 1);
INSERT INTO `product` (`id`, `name`, `image`,`manufacturer`,`date_in`,`guarantee_time`,`discount`,`specification`, `description`, `price`,`quantity`, `is_deleted`, `category_id`) 
VALUES ('5', 'Nokia A94', 'https://firebasestorage.googleapis.com/v0/b/print-2-shop-online.appspot.com/o/product-11.jpg?alt=media&token=8f7a148a-1da0-4bbf-8018-f6bff0ea7f14', 'Đông Lào','2022-09-09','24 tháng','10', '6.1 inch, OLED, Super Retina XDR, 2532 x 1170 Pixels','Ưu việt , đa dạng về chất lượng, giá thành hợp lí ', 7000000,100,0, 1);
INSERT INTO `product` (`id`, `name`, `image`,`manufacturer`,`date_in`,`guarantee_time`,`discount`,`specification`, `description`, `price`,`quantity`, `is_deleted`, `category_id`) 
VALUES ('6', 'Nokia A95', 'https://firebasestorage.googleapis.com/v0/b/print-2-shop-online.appspot.com/o/product-12.jpg?alt=media&token=d4cae853-cea7-41fb-afc8-edb8af7d4d6f','Đông Lào', '2022-09-09','24 tháng','10', '6.1 inch, OLED, Super Retina XDR, 2532 x 1170 Pixels','Ưu việt , đa dạng về chất lượng, giá thành hợp lí ', 6000000,100,0, 1);
INSERT INTO `product` (`id`, `name`, `image`,`manufacturer`,`date_in`,`guarantee_time`,`discount`,`specification`, `description`, `price`,`quantity`, `is_deleted`, `category_id`) 
VALUES ('7', 'LG 01', 'https://firebasestorage.googleapis.com/v0/b/print-2-shop-online.appspot.com/o/product-19.jpg?alt=media&token=b326f93c-9924-4eae-af2e-c28eeb293762','Đông Lào', '2022-09-09','24 tháng','10', '6.1 inch, OLED, Super Retina XDR, 2532 x 1170 Pixels','Ưu việt , đa dạng về chất lượng, giá thành hợp lí ', 5000000,100,0, 5);
INSERT INTO `product` (`id`, `name`, `image`,`manufacturer`,`date_in`,`guarantee_time`,`discount`,`specification`, `description`, `price`,`quantity`, `is_deleted`, `category_id`)
 VALUES ('8', 'Panasonic VN', 'https://firebasestorage.googleapis.com/v0/b/print-2-shop-online.appspot.com/o/product-23.jpg?alt=media&token=7e3704f3-841b-4209-8c3b-14bfef8ad749', 'Panasonic','2022-09-09','24 tháng','10', '6.1 inch, OLED, Super Retina XDR, 2532 x 1170 Pixels', 'Ưu việt , đa dạng về chất lượng, giá thành hợp lí ',4000000,100,0, 5);
INSERT INTO `product` (`id`, `name`, `image`,`manufacturer`,`date_in`,`guarantee_time`,`discount`,`specification`, `description`, `price`,`quantity`, `is_deleted`, `category_id`)
 VALUES ('9', 'LG Panaso', 'https://firebasestorage.googleapis.com/v0/b/print-2-shop-online.appspot.com/o/product-21.jpg?alt=media&token=3e29ae75-aed7-4831-b4b6-3a7f6086ada2','LG', '2022-09-09','24 tháng','10', '6.1 inch, OLED, Super Retina XDR, 2532 x 1170 Pixels','Ưu việt , đa dạng về chất lượng, giá thành hợp lí ', 3000000,100,0, 5);
INSERT INTO `product` (`id`, `name`, `image`,`manufacturer`,`date_in`,`guarantee_time`,`discount`,`specification`, `description`, `price`,`quantity`, `is_deleted`, `category_id`)
 VALUES ('10', 'LG AND', 'https://firebasestorage.googleapis.com/v0/b/print-2-shop-online.appspot.com/o/product-22.jpg?alt=media&token=84c6d98c-8138-420b-81b5-4d0ab44c28a2','LG', '2022-09-09','24 tháng','10', '6.1 inch, OLED, Super Retina XDR, 2532 x 1170 Pixels','Ưu việt , đa dạng về chất lượng, giá thành hợp lí ', 2000000,100,0, 5);
INSERT INTO `product` (`id`, `name`, `image`,`manufacturer`,`date_in`,`guarantee_time`,`discount`,`specification`, `description`, `price`,`quantity`, `is_deleted`, `category_id`)
 VALUES ('11', 'VTB', 'https://firebasestorage.googleapis.com/v0/b/print-2-shop-online.appspot.com/o/product-20.jpg?alt=media&token=2d91d9db-1c41-4ecf-8929-b9c3d573a4a0','VTB', '2022-09-09','24 tháng','10', '6.1 inch, OLED, Super Retina XDR, 2532 x 1170 Pixels','Ưu việt , đa dạng về chất lượng, giá thành hợp lí ', 1000000,100,0, 5);
INSERT INTO `product` (`id`, `name`, `image`,`manufacturer`,`date_in`,`guarantee_time`,`discount`,`specification`, `description`, `price`,`quantity`, `is_deleted`, `category_id`)
 VALUES ('12', 'Phụ Kiện Nolo', 'https://firebasestorage.googleapis.com/v0/b/print-2-shop-online.appspot.com/o/product-24.jpg?alt=media&token=839fc060-6b84-4478-9af2-9f4c8084d64b','Phụ Kiện Nolo', '2022-09-09','24 tháng','10', '6.1 inch, OLED, Super Retina XDR, 2532 x 1170 Pixels','Ưu việt , đa dạng về chất lượng, giá thành hợp lí ', 12000000,100,0, 4);
INSERT INTO `product` (`id`, `name`, `image`,`manufacturer`,`date_in`,`guarantee_time`,`discount`,`specification`, `description`, `price`,`quantity`, `is_deleted`, `category_id`)
 VALUES ('13', 'ASUS 96', 'https://firebasestorage.googleapis.com/v0/b/pSrint-2-shop-online.appspot.com/o/product-2.jpg?alt=media&token=a2b49e8a-0b4b-4af3-b54f-b9f57eb9dea7','ASUS', '2022-09-09','24 tháng','10', '6.1 inch, OLED, Super Retina XDR, 2532 x 1170 Pixels','Ưu việt , đa dạng về chất lượng, giá thành hợp lí ', 17000000,100,0, 2);
INSERT INTO `product` (`id`, `name`, `image`,`manufacturer`,`date_in`,`guarantee_time`,`discount`,`specification`, `description`, `price`,`quantity`, `is_deleted`, `category_id`)
 VALUES ('14', 'Vavivo O11', 'https://firebasestorage.googleapis.com/v0/b/print-2-shop-online.appspot.com/o/product-1.jpg?alt=media&token=b13e340f-8390-4a81-a22a-131ab5b6316e','Vavivo', '2022-09-09','24 tháng','10', '6.1 inch, OLED, Super Retina XDR, 2532 x 1170 Pixels','Ưu việt , đa dạng về chất lượng, giá thành hợp lí ', 21000000,100,0, 2);
INSERT INTO `product` (`id`, `name`, `image`,`manufacturer`,`date_in`,`guarantee_time`,`discount`,`specification`, `description`, `price`,`quantity`, `is_deleted`, `category_id`) 
VALUES ('15', 'Cáp HDMI', 'https://firebasestorage.googleapis.com/v0/b/print-2-shop-online.appspot.com/o/product-3.jpg?alt=media&token=7995fe3c-3a71-4783-affa-77d39c50df8a','Cáp HDMI', '2022-09-09','24 tháng','10', '6.1 inch, OLED, Super Retina XDR, 2532 x 1170 Pixels','Ưu việt , đa dạng về chất lượng, giá thành hợp lí ', 11000000,100,0, 4);
INSERT INTO `product` (`id`, `name`, `image`,`manufacturer`,`date_in`,`guarantee_time`,`discount`,`specification`, `description`, `price`,`quantity`, `is_deleted`, `category_id`)
 VALUES ('16', 'LCD Để Bàn', 'https://firebasestorage.googleapis.com/v0/b/print-2-shop-online.appspot.com/o/product-4.jpg?alt=media&token=1b6d3c7f-b623-4cdc-81d2-32052f9b960b','LCD Để Bàn', '2022-09-09','24 tháng','10', '6.1 inch, OLED, Super Retina XDR, 2532 x 1170 Pixels','Ưu việt , đa dạng về chất lượng, giá thành hợp lí ', 16000000,100,0, 2);
INSERT INTO `product` (`id`, `name`, `image`,`manufacturer`,`date_in`,`guarantee_time`,`discount`,`specification`, `description`, `price`,`quantity`, `is_deleted`, `category_id`)
 VALUES ('17', 'RTX 3600', 'https://firebasestorage.googleapis.com/v0/b/print-2-shop-online.appspot.com/o/product-5.jpg?alt=media&token=6a83ad5a-3518-44ed-9a1b-1ba1425e0858','RTX', '2022-09-09','24 tháng','10', '6.1 inch, OLED, Super Retina XDR, 2532 x 1170 Pixels','Ưu việt , đa dạng về chất lượng, giá thành hợp lí ', 12000000,100,0, 4);
INSERT INTO `product` (`id`, `name`, `image`,`manufacturer`,`date_in`,`guarantee_time`,`discount`,`specification`, `description`, `price`,`quantity`, `is_deleted`, `category_id`)
 VALUES ('18', 'ASUS', 'https://firebasestorage.googleapis.com/v0/b/print-2-shop-online.appspot.com/o/product-6.jpg?alt=media&token=963dbddf-9f69-459d-9476-5aa2c613e85a','ASUS', '2022-09-09','24 tháng','10', '6.1 inch, OLED, Super Retina XDR, 2532 x 1170 Pixels','Ưu việt , đa dạng về chất lượng, giá thành hợp lí ', 18000000,100,0, 2);
INSERT INTO `product` (`id`, `name`, `image`,`manufacturer`,`date_in`,`guarantee_time`,`discount`,`specification`, `description`, `price`,`quantity`, `is_deleted`, `category_id`) 
VALUES ('19', 'Camera X115', 'https://firebasestorage.googleapis.com/v0/b/print-2-shop-online.appspot.com/o/product-13.jpg?alt=media&token=f91fb210-bc8c-48d2-8173-ee6289ed3bf2','Sony', '2022-09-09','24 tháng','10', '6.1 inch, OLED, Super Retina XDR, 2532 x 1170 Pixels','Ưu việt , đa dạng về chất lượng, giá thành hợp lí ', 33000000,100,0, 3);
INSERT INTO `product` (`id`, `name`, `image`,`manufacturer`,`date_in`,`guarantee_time`,`discount`,`specification`, `description`, `price`,`quantity`, `is_deleted`, `category_id`) 
VALUES ('20', 'Camera 007', 'https://firebasestorage.googleapis.com/v0/b/print-2-shop-online.appspot.com/o/product-14.jpg?alt=media&token=6bc09fd7-4a0f-42d3-9ace-28bab862e5b6','Sony', '2022-09-09','24 tháng','10', '6.1 inch, OLED, Super Retina XDR, 2532 x 1170 Pixels','Ưu việt , đa dạng về chất lượng, giá thành hợp lí ', 22000000,100,0, 3);
INSERT INTO `product` (`id`, `name`, `image`,`manufacturer`,`date_in`,`guarantee_time`,`discount`,`specification`, `description`, `price`,`quantity`, `is_deleted`, `category_id`) 
VALUES ('21', 'Camera Hường', 'https://firebasestorage.googleapis.com/v0/b/print-2-shop-online.appspot.com/o/product-15.jpg?alt=media&token=587c2acf-03e1-42a5-b4c9-a66708735fc1','Sony', '2022-09-09','24 tháng','10', '6.1 inch, OLED, Super Retina XDR, 2532 x 1170 Pixels','Ưu việt , đa dạng về chất lượng, giá thành hợp lí ', 14000000,100,0, 3);
INSERT INTO `product` (`id`, `name`, `image`,`manufacturer`,`date_in`,`guarantee_time`,`discount`,`specification`, `description`, `price`,`quantity`, `is_deleted`, `category_id`)
 VALUES ('22', 'Phụ Kiện xx', 'https://firebasestorage.googleapis.com/v0/b/print-2-shop-online.appspot.com/o/product-16.jpg?alt=media&token=0c03123d-c33a-46e0-8ede-98d5078b6a92','Sony', '2022-09-09','24 tháng','10', '6.1 inch, OLED, Super Retina XDR, 2532 x 1170 Pixels','Ưu việt , đa dạng về chất lượng, giá thành hợp lí ', 18000000,100,0, 4);
INSERT INTO `product` (`id`, `name`, `image`,`manufacturer`,`date_in`,`guarantee_time`,`discount`,`specification`, `description`, `price`,`quantity`, `is_deleted`, `category_id`) 
VALUES ('23', 'Sony Camera', 'https://firebasestorage.googleapis.com/v0/b/print-2-shop-online.appspot.com/o/product-17.jpg?alt=media&token=574c4fd8-8e18-428d-a763-5539b849f5b9','Sony', '2022-09-09','24 tháng','10', '6.1 inch, OLED, Super Retina XDR, 2532 x 1170 Pixels','Ưu việt , đa dạng về chất lượng, giá thành hợp lí ', 19000000,100,0, 3);
INSERT INTO `product` (`id`, `name`, `image`,`manufacturer`,`date_in`,`guarantee_time`,`discount`,`specification`, `description`, `price`,`quantity`, `is_deleted`, `category_id`) 
VALUES ('24', 'Gram camera', 'https://firebasestorage.googleapis.com/v0/b/print-2-shop-online.appspot.com/o/product-18.jpg?alt=media&token=788420b9-7b77-41ac-b95a-0185889786c6','Sony', '2022-09-09','24 tháng','10', '6.1 inch, OLED, Super Retina XDR, 2532 x 1170 Pixels','Ưu việt , đa dạng về chất lượng, giá thành hợp lí ', 21000000,100,0, 3);
INSERT INTO `product` (`id`, `name`, `image`,`manufacturer`,`date_in`,`guarantee_time`,`discount`,`specification`, `description`, `price`,`quantity`, `is_deleted`, `category_id`) 
VALUES ('25', 'Iphone 13 Pro Max', 'https://firebasestorage.googleapis.com/v0/b/print-2-shop-online.appspot.com/o/product-7.jpg?alt=media&token=abf1329c-482e-4907-bd67-b090b0a338d1','Đông Lào','2022-09-09','24 tháng','10', '6.1 inch, OLED, Super Retina XDR, 2532 x 1170 Pixels','Ưu việt , đa dạng về chất lượng, giá thành hợp lí ', 22000000,100, 0, 1);
INSERT INTO `product` (`id`, `name`, `image`,`manufacturer`,`date_in`,`guarantee_time`,`discount`,`specification`, `description`, `price`,`quantity`, `is_deleted`, `category_id`) 
VALUES ('26', 'SamSung 001', 'https://firebasestorage.googleapis.com/v0/b/print-2-shop-online.appspot.com/o/product-8.jpg?alt=media&token=30ad49b3-8ecb-42af-b604-366169e83f35','Đông Lào', '2022-09-09','24 tháng','10', '6.1 inch, OLED, Super Retina XDR, 2532 x 1170 Pixels','Ưu việt , đa dạng về chất lượng, giá thành hợp lí ', 11000000,100,0, 1);
INSERT INTO `product` (`id`, `name`, `image`, `manufacturer`,`date_in`,`guarantee_time`,`discount`,`specification`,`description`, `price`,`quantity`, `is_deleted`, `category_id`) 
VALUES ('27', 'SamSung 002', 'https://firebasestorage.googleapis.com/v0/b/print-2-shop-online.appspot.com/o/product-9.jpg?alt=media&token=0bd81d68-326b-4c70-afce-e064272f89c6','Đông Lào', '2022-09-09','24 tháng','10', '6.1 inch, OLED, Super Retina XDR, 2532 x 1170 Pixels', 'Ưu việt , đa dạng về chất lượng, giá thành hợp lí ',12000000,100,0, 1);
INSERT INTO `product` (`id`, `name`, `image`,`manufacturer`,`date_in`,`guarantee_time`,`discount`,`specification`, `description`, `price`,`quantity`, `is_deleted`, `category_id`) 
VALUES ('28', 'Appo 20', 'https://firebasestorage.googleapis.com/v0/b/print-2-shop-online.appspot.com/o/product-10.jpg?alt=media&token=c62ce430-dfc0-4b5d-b1a7-b19b777fc5f7', 'Đông Lào','2022-09-09','24 tháng','10', '6.1 inch, OLED, Super Retina XDR, 2532 x 1170 Pixels','Ưu việt , đa dạng về chất lượng, giá thành hợp lí ', 8000000,100,0, 1);
INSERT INTO `product` (`id`, `name`, `image`,`manufacturer`,`date_in`,`guarantee_time`,`discount`,`specification`, `description`, `price`,`quantity`, `is_deleted`, `category_id`) 
VALUES ('29', 'Nokia A94', 'https://firebasestorage.googleapis.com/v0/b/print-2-shop-online.appspot.com/o/product-11.jpg?alt=media&token=8f7a148a-1da0-4bbf-8018-f6bff0ea7f14', 'Đông Lào','2022-09-09','24 tháng','10', '6.1 inch, OLED, Super Retina XDR, 2532 x 1170 Pixels','Ưu việt , đa dạng về chất lượng, giá thành hợp lí ', 7000000,100,0, 1);
INSERT INTO `product` (`id`, `name`, `image`,`manufacturer`,`date_in`,`guarantee_time`,`discount`,`specification`, `description`, `price`,`quantity`, `is_deleted`, `category_id`) 
VALUES ('30', 'Nokia A95', 'https://firebasestorage.googleapis.com/v0/b/print-2-shop-online.appspot.com/o/product-12.jpg?alt=media&token=d4cae853-cea7-41fb-afc8-edb8af7d4d6f','Đông Lào', '2022-09-09','24 tháng','10', '6.1 inch, OLED, Super Retina XDR, 2532 x 1170 Pixels','Ưu việt , đa dạng về chất lượng, giá thành hợp lí ', 6000000,100,0, 1);
INSERT INTO `product` (`id`, `name`, `image`,`manufacturer`,`date_in`,`guarantee_time`,`discount`,`specification`, `description`, `price`,`quantity`, `is_deleted`, `category_id`) 
VALUES ('31', 'LG 01', 'https://firebasestorage.googleapis.com/v0/b/print-2-shop-online.appspot.com/o/product-19.jpg?alt=media&token=b326f93c-9924-4eae-af2e-c28eeb293762','Đông Lào', '2022-09-09','24 tháng','10', '6.1 inch, OLED, Super Retina XDR, 2532 x 1170 Pixels','Ưu việt , đa dạng về chất lượng, giá thành hợp lí ', 5000000,100,0, 5);
INSERT INTO `product` (`id`, `name`, `image`,`manufacturer`,`date_in`,`guarantee_time`,`discount`,`specification`, `description`, `price`,`quantity`, `is_deleted`, `category_id`)
 VALUES ('32', 'Panasonic VN', 'https://firebasestorage.googleapis.com/v0/b/print-2-shop-online.appspot.com/o/product-23.jpg?alt=media&token=7e3704f3-841b-4209-8c3b-14bfef8ad749', 'Panasonic','2022-09-09','24 tháng','10', '6.1 inch, OLED, Super Retina XDR, 2532 x 1170 Pixels', 'Ưu việt , đa dạng về chất lượng, giá thành hợp lí ',4000000,100,0, 5);
INSERT INTO `product` (`id`, `name`, `image`,`manufacturer`,`date_in`,`guarantee_time`,`discount`,`specification`, `description`, `price`,`quantity`, `is_deleted`, `category_id`)
 VALUES ('33', 'LG Panaso', 'https://firebasestorage.googleapis.com/v0/b/print-2-shop-online.appspot.com/o/product-21.jpg?alt=media&token=3e29ae75-aed7-4831-b4b6-3a7f6086ada2','LG', '2022-09-09','24 tháng','10', '6.1 inch, OLED, Super Retina XDR, 2532 x 1170 Pixels','Ưu việt , đa dạng về chất lượng, giá thành hợp lí ', 3000000,100,0, 5);
INSERT INTO `product` (`id`, `name`, `image`,`manufacturer`,`date_in`,`guarantee_time`,`discount`,`specification`, `description`, `price`,`quantity`, `is_deleted`, `category_id`)
 VALUES ('34', 'LG AND', 'https://firebasestorage.googleapis.com/v0/b/print-2-shop-online.appspot.com/o/product-22.jpg?alt=media&token=84c6d98c-8138-420b-81b5-4d0ab44c28a2','LG', '2022-09-09','24 tháng','10', '6.1 inch, OLED, Super Retina XDR, 2532 x 1170 Pixels','Ưu việt , đa dạng về chất lượng, giá thành hợp lí ', 2000000,100,0, 5);
INSERT INTO `product` (`id`, `name`, `image`,`manufacturer`,`date_in`,`guarantee_time`,`discount`,`specification`, `description`, `price`,`quantity`, `is_deleted`, `category_id`)
 VALUES ('35', 'VTB', 'https://firebasestorage.googleapis.com/v0/b/print-2-shop-online.appspot.com/o/product-20.jpg?alt=media&token=2d91d9db-1c41-4ecf-8929-b9c3d573a4a0','VTB', '2022-09-09','24 tháng','10', '6.1 inch, OLED, Super Retina XDR, 2532 x 1170 Pixels','Ưu việt , đa dạng về chất lượng, giá thành hợp lí ', 1000000,100,0, 5);
INSERT INTO `product` (`id`, `name`, `image`,`manufacturer`,`date_in`,`guarantee_time`,`discount`,`specification`, `description`, `price`,`quantity`, `is_deleted`, `category_id`)
 VALUES ('36', 'Phụ Kiện Nolo', 'https://firebasestorage.googleapis.com/v0/b/print-2-shop-online.appspot.com/o/product-24.jpg?alt=media&token=839fc060-6b84-4478-9af2-9f4c8084d64b','Phụ Kiện Nolo', '2022-09-09','24 tháng','10', '6.1 inch, OLED, Super Retina XDR, 2532 x 1170 Pixels','Ưu việt , đa dạng về chất lượng, giá thành hợp lí ', 12000000,100,0, 4);
INSERT INTO `product` (`id`, `name`, `image`,`manufacturer`,`date_in`,`guarantee_time`,`discount`,`specification`, `description`, `price`,`quantity`, `is_deleted`, `category_id`)
 VALUES ('37', 'ASUS 96', 'https://firebasestorage.googleapis.com/v0/b/print-2-shop-online.appspot.com/o/product-2.jpg?alt=media&token=a2b49e8a-0b4b-4af3-b54f-b9f57eb9dea7','ASUS', '2022-09-09','24 tháng','10', '6.1 inch, OLED, Super Retina XDR, 2532 x 1170 Pixels','Ưu việt , đa dạng về chất lượng, giá thành hợp lí ', 17000000,100,0, 2);
INSERT INTO `product` (`id`, `name`, `image`,`manufacturer`,`date_in`,`guarantee_time`,`discount`,`specification`, `description`, `price`,`quantity`, `is_deleted`, `category_id`)
 VALUES ('38', 'Vavivo O11', 'https://firebasestorage.googleapis.com/v0/b/print-2-shop-online.appspot.com/o/product-1.jpg?alt=media&token=b13e340f-8390-4a81-a22a-131ab5b6316e','Vavivo', '2022-09-09','24 tháng','10', '6.1 inch, OLED, Super Retina XDR, 2532 x 1170 Pixels','Ưu việt , đa dạng về chất lượng, giá thành hợp lí ', 21000000,100,0, 2);
INSERT INTO `product` (`id`, `name`, `image`,`manufacturer`,`date_in`,`guarantee_time`,`discount`,`specification`, `description`, `price`,`quantity`, `is_deleted`, `category_id`) 
VALUES ('39', 'Cáp HDMI', 'https://firebasestorage.googleapis.com/v0/b/print-2-shop-online.appspot.com/o/product-3.jpg?alt=media&token=7995fe3c-3a71-4783-affa-77d39c50df8a','Cáp HDMI', '2022-09-09','24 tháng','10', '6.1 inch, OLED, Super Retina XDR, 2532 x 1170 Pixels','Ưu việt , đa dạng về chất lượng, giá thành hợp lí ', 11000000,100,0, 4);
INSERT INTO `product` (`id`, `name`, `image`,`manufacturer`,`date_in`,`guarantee_time`,`discount`,`specification`, `description`, `price`,`quantity`, `is_deleted`, `category_id`)
 VALUES ('40', 'LCD Để Bàn', 'https://firebasestorage.googleapis.com/v0/b/print-2-shop-online.appspot.com/o/product-4.jpg?alt=media&token=1b6d3c7f-b623-4cdc-81d2-32052f9b960b','LCD Để Bàn', '2022-09-09','24 tháng','10', '6.1 inch, OLED, Super Retina XDR, 2532 x 1170 Pixels','Ưu việt , đa dạng về chất lượng, giá thành hợp lí ', 16000000,100,0, 2);
INSERT INTO `product` (`id`, `name`, `image`,`manufacturer`,`date_in`,`guarantee_time`,`discount`,`specification`, `description`, `price`,`quantity`, `is_deleted`, `category_id`)
 VALUES ('41', 'RTX 3600', 'https://firebasestorage.googleapis.com/v0/b/print-2-shop-online.appspot.com/o/product-5.jpg?alt=media&token=6a83ad5a-3518-44ed-9a1b-1ba1425e0858','RTX', '2022-09-09','24 tháng','10', '6.1 inch, OLED, Super Retina XDR, 2532 x 1170 Pixels','Ưu việt , đa dạng về chất lượng, giá thành hợp lí ', 12000000,100,0, 4);
INSERT INTO `product` (`id`, `name`, `image`,`manufacturer`,`date_in`,`guarantee_time`,`discount`,`specification`, `description`, `price`,`quantity`, `is_deleted`, `category_id`)
 VALUES ('42', 'ASUS', 'https://firebasestorage.googleapis.com/v0/b/print-2-shop-online.appspot.com/o/product-6.jpg?alt=media&token=963dbddf-9f69-459d-9476-5aa2c613e85a','ASUS', '2022-09-09','24 tháng','10', '6.1 inch, OLED, Super Retina XDR, 2532 x 1170 Pixels','Ưu việt , đa dạng về chất lượng, giá thành hợp lí ', 18000000,100,0, 2);
INSERT INTO `product` (`id`, `name`, `image`,`manufacturer`,`date_in`,`guarantee_time`,`discount`,`specification`, `description`, `price`,`quantity`, `is_deleted`, `category_id`) 
VALUES ('43', 'Camera X115', 'https://firebasestorage.googleapis.com/v0/b/print-2-shop-online.appspot.com/o/product-13.jpg?alt=media&token=f91fb210-bc8c-48d2-8173-ee6289ed3bf2','Sony', '2022-09-09','24 tháng','10', '6.1 inch, OLED, Super Retina XDR, 2532 x 1170 Pixels','Ưu việt , đa dạng về chất lượng, giá thành hợp lí ', 33000000,100,0, 3);
INSERT INTO `product` (`id`, `name`, `image`,`manufacturer`,`date_in`,`guarantee_time`,`discount`,`specification`, `description`, `price`,`quantity`, `is_deleted`, `category_id`) 
VALUES ('44', 'Camera 007', 'https://firebasestorage.googleapis.com/v0/b/print-2-shop-online.appspot.com/o/product-14.jpg?alt=media&token=6bc09fd7-4a0f-42d3-9ace-28bab862e5b6','Sony', '2022-09-09','24 tháng','10', '6.1 inch, OLED, Super Retina XDR, 2532 x 1170 Pixels','Ưu việt , đa dạng về chất lượng, giá thành hợp lí ', 22000000,100,0, 3);
INSERT INTO `product` (`id`, `name`, `image`,`manufacturer`,`date_in`,`guarantee_time`,`discount`,`specification`, `description`, `price`,`quantity`, `is_deleted`, `category_id`) 
VALUES ('45', 'Camera Hường', 'https://firebasestorage.googleapis.com/v0/b/print-2-shop-online.appspot.com/o/product-15.jpg?alt=media&token=587c2acf-03e1-42a5-b4c9-a66708735fc1','Sony', '2022-09-09','24 tháng','10', '6.1 inch, OLED, Super Retina XDR, 2532 x 1170 Pixels','Ưu việt , đa dạng về chất lượng, giá thành hợp lí ', 14000000,100,0, 3);
INSERT INTO `product` (`id`, `name`, `image`,`manufacturer`,`date_in`,`guarantee_time`,`discount`,`specification`, `description`, `price`,`quantity`, `is_deleted`, `category_id`)
 VALUES ('56', 'Phụ Kiện xx', 'https://firebasestorage.googleapis.com/v0/b/print-2-shop-online.appspot.com/o/product-16.jpg?alt=media&token=0c03123d-c33a-46e0-8ede-98d5078b6a92','Sony', '2022-09-09','24 tháng','10', '6.1 inch, OLED, Super Retina XDR, 2532 x 1170 Pixels','Ưu việt , đa dạng về chất lượng, giá thành hợp lí ', 18000000,100,0, 4);
INSERT INTO `product` (`id`, `name`, `image`,`manufacturer`,`date_in`,`guarantee_time`,`discount`,`specification`, `description`, `price`,`quantity`, `is_deleted`, `category_id`) 
VALUES ('47', 'Sony Camera', 'https://firebasestorage.googleapis.com/v0/b/print-2-shop-online.appspot.com/o/product-17.jpg?alt=media&token=574c4fd8-8e18-428d-a763-5539b849f5b9','Sony', '2022-09-09','24 tháng','10', '6.1 inch, OLED, Super Retina XDR, 2532 x 1170 Pixels','Ưu việt , đa dạng về chất lượng, giá thành hợp lí ', 19000000,100,0, 3);
INSERT INTO `product` (`id`, `name`, `image`,`manufacturer`,`date_in`,`guarantee_time`,`discount`,`specification`, `description`, `price`,`quantity`, `is_deleted`, `category_id`) 
VALUES ('48', 'Gram camera', 'https://firebasestorage.googleapis.com/v0/b/print-2-shop-online.appspot.com/o/product-18.jpg?alt=media&token=788420b9-7b77-41ac-b95a-0185889786c6','Sony', '2022-09-09','24 tháng','10', '6.1 inch, OLED, Super Retina XDR, 2532 x 1170 Pixels','Ưu việt , đa dạng về chất lượng, giá thành hợp lí ', 21000000,100,0, 3);